{"train": 78.17347013415583, "val": 78.2515115460802}