{"train": 85.47045966986609, "val": 79.69241991509338}