{"train": 85.4665563620116, "val": 79.71147529172381}