{"train": 85.47872234095217, "val": 79.70085794976289}