{"train": 98.98195864725801, "val": 98.99583106559759}