{"train": 99.23613729959098, "val": 98.95729783354649}