{"train": 99.23631255341981, "val": 98.95770161015884}